path;title;url
static_page/.html;"
        AppDirect Documentation Center
    ";https://help.appdirect.com/
static_page/useAppDirectAPI.html.html;"
        API Help
    ";https://help.appdirect.com/develop/useAppDirectAPI.html
static_page/training.html.html;"
        AppDirect Training Center
    ";https://help.appdirect.com/training/training.html
static_page/createAndManageProducts.html.html;"
        Product Help
    ";https://help.appdirect.com/products/createAndManageProducts.html
static_page/manageThePlatform.html.html;"
        Platform Help
    ";https://help.appdirect.com/platform/manageThePlatform.html
static_page/appreseller.html.html;"
        Reseller Help
    ";https://help.appdirect.com/reseller/appreseller.html
static_page/index.html.html;Overview | AppDirect GraphQL Reference Documentations;https://help.appdirect.com/api/graphql/index.html
static_page/url.doc.html.html;URL | AppDirect GraphQL Reference Documentations;https://help.appdirect.com/api/graphql/url.doc.html
static_page/customintegrationtype.doc.html.html;CustomIntegrationType | AppDirect GraphQL Reference Documentations;https://help.appdirect.com/api/graphql/customintegrationtype.doc.html
static_page/nonnegativeint.doc.html.html;NonNegativeInt | AppDirect GraphQL Reference Documentations;https://help.appdirect.com/api/graphql/nonnegativeint.doc.html
static_page/additionalsettingsformfieldtype.doc.html.html;AdditionalSettingsFormFieldType | AppDirect GraphQL Reference Documentations;https://help.appdirect.com/api/graphql/additionalsettingsformfieldtype.doc.html
static_page/brandingelementtype.doc.html.html;BrandingElementType | AppDirect GraphQL Reference Documentations;https://help.appdirect.com/api/graphql/brandingelementtype.doc.html
static_page/timestamp.doc.html.html;Timestamp | AppDirect GraphQL Reference Documentations;https://help.appdirect.com/api/graphql/timestamp.doc.html
static_page/string.doc.html.html;String | AppDirect GraphQL Reference Documentations;https://help.appdirect.com/api/graphql/string.doc.html
static_page/date.doc.html.html;Date | AppDirect GraphQL Reference Documentations;https://help.appdirect.com/api/graphql/date.doc.html
static_page/int.doc.html.html;Int | AppDirect GraphQL Reference Documentations;https://help.appdirect.com/api/graphql/int.doc.html
static_page/bigdecimal.doc.html.html;BigDecimal | AppDirect GraphQL Reference Documentations;https://help.appdirect.com/api/graphql/bigdecimal.doc.html
static_page/id.doc.html.html;ID | AppDirect GraphQL Reference Documentations;https://help.appdirect.com/api/graphql/id.doc.html
static_page/boolean.doc.html.html;Boolean | AppDirect GraphQL Reference Documentations;https://help.appdirect.com/api/graphql/boolean.doc.html
static_page/locale.doc.html.html;Locale | AppDirect GraphQL Reference Documentations;https://help.appdirect.com/api/graphql/locale.doc.html
static_page/currency.doc.html.html;Currency | AppDirect GraphQL Reference Documentations;https://help.appdirect.com/api/graphql/currency.doc.html
static_page/specifiedby.doc.html.html;specifiedBy | AppDirect GraphQL Reference Documentations;https://help.appdirect.com/api/graphql/specifiedby.doc.html
static_page/skip.doc.html.html;skip | AppDirect GraphQL Reference Documentations;https://help.appdirect.com/api/graphql/skip.doc.html
static_page/productvalidation.doc.html.html;productValidation | AppDirect GraphQL Reference Documentations;https://help.appdirect.com/api/graphql/productvalidation.doc.html
static_page/internal.doc.html.html;internal | AppDirect GraphQL Reference Documentations;https://help.appdirect.com/api/graphql/internal.doc.html
static_page/integrationconfigurationgenerateinboundclient.doc.html.html;integrationConfigurationGenerateInboundClient | AppDirect GraphQL Reference Documentations;https://help.appdirect.com/api/graphql/integrationconfigurationgenerateinboundclient.doc.html
static_page/include.doc.html.html;include | AppDirect GraphQL Reference Documentations;https://help.appdirect.com/api/graphql/include.doc.html
static_page/integrationconfigurationverification.doc.html.html;integrationConfigurationVerification | AppDirect GraphQL Reference Documentations;https://help.appdirect.com/api/graphql/integrationconfigurationverification.doc.html
static_page/appdirect.html.html;AppDirect API Reference - AppDirect;https://help.appdirect.com/api/appdirect.html
static_page/authorization.doc.html.html;authorization | AppDirect GraphQL Reference Documentations;https://help.appdirect.com/api/graphql/authorization.doc.html
static_page/deprecated.doc.html.html;deprecated | AppDirect GraphQL Reference Documentations;https://help.appdirect.com/api/graphql/deprecated.doc.html
static_page/updatesetupformplaceholderparameterinput.doc.html.html;UpdateSetupFormPlaceholderParameterInput | AppDirect GraphQL Reference Documentations;https://help.appdirect.com/api/graphql/updatesetupformplaceholderparameterinput.doc.html
static_page/updateproductintegrationsinglesignonconfigurationsetupforminput.doc.html.html;UpdateProductIntegrationSingleSignOnConfigurationSetupFormInput | AppDirect GraphQL Reference Documentations;https://help.appdirect.com/api/graphql/updateproductintegrationsinglesignonconfigurationsetupforminput.doc.html
static_page/updateproductintegrationsamlconfigurationinput.doc.html.html;UpdateProductIntegrationSamlConfigurationInput | AppDirect GraphQL Reference Documentations;https://help.appdirect.com/api/graphql/updateproductintegrationsamlconfigurationinput.doc.html
static_page/updateproductintegrationsamlassertionattributeinput.doc.html.html;UpdateProductIntegrationSamlAssertionAttributeInput | AppDirect GraphQL Reference Documentations;https://help.appdirect.com/api/graphql/updateproductintegrationsamlassertionattributeinput.doc.html
static_page/updateproductintegrationopenidconnectconfigurationinput.doc.html.html;UpdateProductIntegrationOpenIdConnectConfigurationInput | AppDirect GraphQL Reference Documentations;https://help.appdirect.com/api/graphql/updateproductintegrationopenidconnectconfigurationinput.doc.html
static_page/updateproductintegrationopenidconfigurationinput.doc.html.html;UpdateProductIntegrationOpenIdConfigurationInput | AppDirect GraphQL Reference Documentations;https://help.appdirect.com/api/graphql/updateproductintegrationopenidconfigurationinput.doc.html
static_page/updatepricingplaninput.doc.html.html;UpdatePricingPlanInput | AppDirect GraphQL Reference Documentations;https://help.appdirect.com/api/graphql/updatepricingplaninput.doc.html
static_page/updateproductintegrationbookmarkconfigurationinput.doc.html.html;UpdateProductIntegrationBookmarkConfigurationInput | AppDirect GraphQL Reference Documentations;https://help.appdirect.com/api/graphql/updateproductintegrationbookmarkconfigurationinput.doc.html
static_page/triggerintegrationconfigurationpingtestinput.doc.html.html;TriggerIntegrationConfigurationPingTestInput | AppDirect GraphQL Reference Documentations;https://help.appdirect.com/api/graphql/triggerintegrationconfigurationpingtestinput.doc.html
static_page/terminationfeeinput.doc.html.html;TerminationFeeInput | AppDirect GraphQL Reference Documentations;https://help.appdirect.com/api/graphql/terminationfeeinput.doc.html
static_page/tageditionpricingforpublicationinput.doc.html.html;TagEditionPricingForPublicationInput | AppDirect GraphQL Reference Documentations;https://help.appdirect.com/api/graphql/tageditionpricingforpublicationinput.doc.html
static_page/requestproductpublicationinput.doc.html.html;RequestProductPublicationInput | AppDirect GraphQL Reference Documentations;https://help.appdirect.com/api/graphql/requestproductpublicationinput.doc.html
static_page/removepricingplaninput.doc.html.html;RemovePricingPlanInput | AppDirect GraphQL Reference Documentations;https://help.appdirect.com/api/graphql/removepricingplaninput.doc.html
static_page/appwise.html.html;AppWise API Reference - AppDirect;https://help.appdirect.com/api/appwise.html
static_page/appinsights.html.html;AppInsights API Reference - AppDirect;https://help.appdirect.com/api/appinsights.html
static_page/publisheditionpricingtaginput.doc.html.html;PublishEditionPricingTagInput | AppDirect GraphQL Reference Documentations;https://help.appdirect.com/api/graphql/publisheditionpricingtaginput.doc.html
static_page/localizedstringinput.doc.html.html;LocalizedStringInput | AppDirect GraphQL Reference Documentations;https://help.appdirect.com/api/graphql/localizedstringinput.doc.html
static_page/pricingplaninput.doc.html.html;PricingPlanInput | AppDirect GraphQL Reference Documentations;https://help.appdirect.com/api/graphql/pricingplaninput.doc.html
static_page/pricingperiodinput.doc.html.html;PricingPeriodInput | AppDirect GraphQL Reference Documentations;https://help.appdirect.com/api/graphql/pricingperiodinput.doc.html
static_page/pricingmonetarystructureinput.doc.html.html;PricingMonetaryStructureInput | AppDirect GraphQL Reference Documentations;https://help.appdirect.com/api/graphql/pricingmonetarystructureinput.doc.html
static_page/productcreateinput.doc.html.html;ProductCreateInput | AppDirect GraphQL Reference Documentations;https://help.appdirect.com/api/graphql/productcreateinput.doc.html
static_page/pricingcontractinput.doc.html.html;PricingContractInput | AppDirect GraphQL Reference Documentations;https://help.appdirect.com/api/graphql/pricingcontractinput.doc.html
static_page/outboundcredentialsinput.doc.html.html;OutboundCredentialsInput | AppDirect GraphQL Reference Documentations;https://help.appdirect.com/api/graphql/outboundcredentialsinput.doc.html
static_page/localizedbasicinformationinput.doc.html.html;LocalizedBasicInformationInput | AppDirect GraphQL Reference Documentations;https://help.appdirect.com/api/graphql/localizedbasicinformationinput.doc.html
static_page/localestringinput.doc.html.html;LocaleStringInput | AppDirect GraphQL Reference Documentations;https://help.appdirect.com/api/graphql/localestringinput.doc.html
static_page/itempriceinput.doc.html.html;ItemPriceInput | AppDirect GraphQL Reference Documentations;https://help.appdirect.com/api/graphql/itempriceinput.doc.html
static_page/integrationconfigurationupdateinput.doc.html.html;IntegrationConfigurationUpdateInput | AppDirect GraphQL Reference Documentations;https://help.appdirect.com/api/graphql/integrationconfigurationupdateinput.doc.html
static_page/integrationconfigurationinput.doc.html.html;IntegrationConfigurationInput | AppDirect GraphQL Reference Documentations;https://help.appdirect.com/api/graphql/integrationconfigurationinput.doc.html
static_page/integrationadditionalsettingsformfieldoptioninput.doc.html.html;IntegrationAdditionalSettingsFormFieldOptionInput | AppDirect GraphQL Reference Documentations;https://help.appdirect.com/api/graphql/integrationadditionalsettingsformfieldoptioninput.doc.html
static_page/integrationadditionalsettingsformfieldinput.doc.html.html;IntegrationAdditionalSettingsFormFieldInput | AppDirect GraphQL Reference Documentations;https://help.appdirect.com/api/graphql/integrationadditionalsettingsformfieldinput.doc.html
static_page/integrationadditionalsettingsforminput.doc.html.html;IntegrationAdditionalSettingsFormInput | AppDirect GraphQL Reference Documentations;https://help.appdirect.com/api/graphql/integrationadditionalsettingsforminput.doc.html
static_page/includediteminput.doc.html.html;IncludedItemInput | AppDirect GraphQL Reference Documentations;https://help.appdirect.com/api/graphql/includediteminput.doc.html
static_page/editionpricinginput.doc.html.html;EditionPricingInput | AppDirect GraphQL Reference Documentations;https://help.appdirect.com/api/graphql/editionpricinginput.doc.html
static_page/editionpricingbytaginput.doc.html.html;EditionPricingByTagInput | AppDirect GraphQL Reference Documentations;https://help.appdirect.com/api/graphql/editionpricingbytaginput.doc.html
static_page/editioninput.doc.html.html;EditionInput | AppDirect GraphQL Reference Documentations;https://help.appdirect.com/api/graphql/editioninput.doc.html
static_page/deleteproductintegrationopenidconnectconfigurationinput.doc.html.html;DeleteProductIntegrationOpenIdConnectConfigurationInput | AppDirect GraphQL Reference Documentations;https://help.appdirect.com/api/graphql/deleteproductintegrationopenidconnectconfigurationinput.doc.html
static_page/deleteproductintegrationsinglesignonconfigurationsetupforminput.doc.html.html;DeleteProductIntegrationSingleSignOnConfigurationSetupFormInput | AppDirect GraphQL Reference Documentations;https://help.appdirect.com/api/graphql/deleteproductintegrationsinglesignonconfigurationsetupforminput.doc.html
static_page/domainassociationconfigurationinput.doc.html.html;DomainAssociationConfigurationInput | AppDirect GraphQL Reference Documentations;https://help.appdirect.com/api/graphql/domainassociationconfigurationinput.doc.html
static_page/deleteproductintegrationsamlconfigurationinput.doc.html.html;DeleteProductIntegrationSamlConfigurationInput | AppDirect GraphQL Reference Documentations;https://help.appdirect.com/api/graphql/deleteproductintegrationsamlconfigurationinput.doc.html
static_page/deleteproductintegrationopenidconfigurationinput.doc.html.html;DeleteProductIntegrationOpenIdConfigurationInput | AppDirect GraphQL Reference Documentations;https://help.appdirect.com/api/graphql/deleteproductintegrationopenidconfigurationinput.doc.html
static_page/deleteproductintegrationbookmarkconfigurationinput.doc.html.html;DeleteProductIntegrationBookmarkConfigurationInput | AppDirect GraphQL Reference Documentations;https://help.appdirect.com/api/graphql/deleteproductintegrationbookmarkconfigurationinput.doc.html
static_page/createpricingplaninput.doc.html.html;CreatePricingPlanInput | AppDirect GraphQL Reference Documentations;https://help.appdirect.com/api/graphql/createpricingplaninput.doc.html
static_page/costinput.doc.html.html;CostInput | AppDirect GraphQL Reference Documentations;https://help.appdirect.com/api/graphql/costinput.doc.html
static_page/addproductintegrationsinglesignonconfigurationsetupforminput.doc.html.html;AddProductIntegrationSingleSignOnConfigurationSetupFormInput | AppDirect GraphQL Reference Documentations;https://help.appdirect.com/api/graphql/addproductintegrationsinglesignonconfigurationsetupforminput.doc.html
static_page/addsetupformplaceholderparameterinput.doc.html.html;AddSetupFormPlaceholderParameterInput | AppDirect GraphQL Reference Documentations;https://help.appdirect.com/api/graphql/addsetupformplaceholderparameterinput.doc.html
static_page/addproductintegrationsamlconfigurationinput.doc.html.html;AddProductIntegrationSamlConfigurationInput | AppDirect GraphQL Reference Documentations;https://help.appdirect.com/api/graphql/addproductintegrationsamlconfigurationinput.doc.html
static_page/addproductintegrationsamlassertionattributeinput.doc.html.html;AddProductIntegrationSamlAssertionAttributeInput | AppDirect GraphQL Reference Documentations;https://help.appdirect.com/api/graphql/addproductintegrationsamlassertionattributeinput.doc.html
static_page/addproductintegrationopenidconnectconfigurationinput.doc.html.html;AddProductIntegrationOpenIdConnectConfigurationInput | AppDirect GraphQL Reference Documentations;https://help.appdirect.com/api/graphql/addproductintegrationopenidconnectconfigurationinput.doc.html
static_page/addproductintegrationbookmarkconfigurationinput.doc.html.html;AddProductIntegrationBookmarkConfigurationInput | AppDirect GraphQL Reference Documentations;https://help.appdirect.com/api/graphql/addproductintegrationbookmarkconfigurationinput.doc.html
static_page/type.spec.html.html;__Type | AppDirect GraphQL Reference Documentations;https://help.appdirect.com/api/graphql/type.spec.html
static_page/schema.spec.html.html;__Schema | AppDirect GraphQL Reference Documentations;https://help.appdirect.com/api/graphql/schema.spec.html
static_page/inputvalue.spec.html.html;__InputValue | AppDirect GraphQL Reference Documentations;https://help.appdirect.com/api/graphql/inputvalue.spec.html
static_page/field.spec.html.html;__Field | AppDirect GraphQL Reference Documentations;https://help.appdirect.com/api/graphql/field.spec.html
static_page/enumvalue.spec.html.html;__EnumValue | AppDirect GraphQL Reference Documentations;https://help.appdirect.com/api/graphql/enumvalue.spec.html
static_page/directive.spec.html.html;__Directive | AppDirect GraphQL Reference Documentations;https://help.appdirect.com/api/graphql/directive.spec.html
static_page/updateproductintegrationsinglesignonconfigurationsetupformpayload.doc.html.html;UpdateProductIntegrationSingleSignOnConfigurationSetupFormPayload | AppDirect GraphQL Reference Documentations;https://help.appdirect.com/api/graphql/updateproductintegrationsinglesignonconfigurationsetupformpayload.doc.html
static_page/updateproductintegrationsamlconfigurationpayload.doc.html.html;UpdateProductIntegrationSamlConfigurationPayload | AppDirect GraphQL Reference Documentations;https://help.appdirect.com/api/graphql/updateproductintegrationsamlconfigurationpayload.doc.html
static_page/updateproductintegrationopenidconnectconfigurationpayload.doc.html.html;UpdateProductIntegrationOpenIdConnectConfigurationPayload | AppDirect GraphQL Reference Documentations;https://help.appdirect.com/api/graphql/updateproductintegrationopenidconnectconfigurationpayload.doc.html
static_page/updateproductintegrationopenidconfigurationpayload.doc.html.html;UpdateProductIntegrationOpenIdConfigurationPayload | AppDirect GraphQL Reference Documentations;https://help.appdirect.com/api/graphql/updateproductintegrationopenidconfigurationpayload.doc.html
static_page/updateproductintegrationbookmarkconfigurationpayload.doc.html.html;UpdateProductIntegrationBookmarkConfigurationPayload | AppDirect GraphQL Reference Documentations;https://help.appdirect.com/api/graphql/updateproductintegrationbookmarkconfigurationpayload.doc.html
static_page/updatepricingplanpayload.doc.html.html;UpdatePricingPlanPayload | AppDirect GraphQL Reference Documentations;https://help.appdirect.com/api/graphql/updatepricingplanpayload.doc.html
static_page/updateeditionpricingpayload.doc.html.html;UpdateEditionPricingPayload | AppDirect GraphQL Reference Documentations;https://help.appdirect.com/api/graphql/updateeditionpricingpayload.doc.html
static_page/undefinednotificationemailerror.doc.html.html;UndefinedNotificationEmailError | AppDirect GraphQL Reference Documentations;https://help.appdirect.com/api/graphql/undefinednotificationemailerror.doc.html
static_page/triggerintegrationconfigurationpingtestpayload.doc.html.html;TriggerIntegrationConfigurationPingTestPayload | AppDirect GraphQL Reference Documentations;https://help.appdirect.com/api/graphql/triggerintegrationconfigurationpingtestpayload.doc.html
static_page/testmissingvalidationerror.doc.html.html;TestMissingValidationError | AppDirect GraphQL Reference Documentations;https://help.appdirect.com/api/graphql/testmissingvalidationerror.doc.html
static_page/testfailedvalidationerror.doc.html.html;TestFailedValidationError | AppDirect GraphQL Reference Documentations;https://help.appdirect.com/api/graphql/testfailedvalidationerror.doc.html
static_page/tageditionpricingforpublicationpayload.doc.html.html;TagEditionPricingForPublicationPayload | AppDirect GraphQL Reference Documentations;https://help.appdirect.com/api/graphql/tageditionpricingforpublicationpayload.doc.html
static_page/singlesignonconfigurationunknownerror.doc.html.html;SingleSignOnConfigurationUnknownError | AppDirect GraphQL Reference Documentations;https://help.appdirect.com/api/graphql/singlesignonconfigurationunknownerror.doc.html
static_page/singlesignonconfigurationsetupform.doc.html.html;SingleSignOnConfigurationSetupForm | AppDirect GraphQL Reference Documentations;https://help.appdirect.com/api/graphql/singlesignonconfigurationsetupform.doc.html
static_page/singlesignonconfigurationpublicationerror.doc.html.html;SingleSignOnConfigurationPublicationError | AppDirect GraphQL Reference Documentations;https://help.appdirect.com/api/graphql/singlesignonconfigurationpublicationerror.doc.html
static_page/terminationfee.doc.html.html;TerminationFee | AppDirect GraphQL Reference Documentations;https://help.appdirect.com/api/graphql/terminationfee.doc.html
static_page/singlesignonconfigurationnotfounderror.doc.html.html;SingleSignOnConfigurationNotFoundError | AppDirect GraphQL Reference Documentations;https://help.appdirect.com/api/graphql/singlesignonconfigurationnotfounderror.doc.html
static_page/singlesignonconfigurationinvalidtypeerror.doc.html.html;SingleSignOnConfigurationInvalidTypeError | AppDirect GraphQL Reference Documentations;https://help.appdirect.com/api/graphql/singlesignonconfigurationinvalidtypeerror.doc.html
static_page/singlesignonconfigurationinvalidconfigurationerror.doc.html.html;SingleSignOnConfigurationInvalidConfigurationError | AppDirect GraphQL Reference Documentations;https://help.appdirect.com/api/graphql/singlesignonconfigurationinvalidconfigurationerror.doc.html
static_page/requestproductpublicationpayload.doc.html.html;RequestProductPublicationPayload | AppDirect GraphQL Reference Documentations;https://help.appdirect.com/api/graphql/requestproductpublicationpayload.doc.html
static_page/singlesignonconfigurationinvalidargumenterror.doc.html.html;SingleSignOnConfigurationInvalidArgumentError | AppDirect GraphQL Reference Documentations;https://help.appdirect.com/api/graphql/singlesignonconfigurationinvalidargumenterror.doc.html
static_page/singlesignonconfigurationforbiddenerror.doc.html.html;SingleSignOnConfigurationForbiddenError | AppDirect GraphQL Reference Documentations;https://help.appdirect.com/api/graphql/singlesignonconfigurationforbiddenerror.doc.html
static_page/setupformplaceholderparameter.doc.html.html;SetupFormPlaceholderParameter | AppDirect GraphQL Reference Documentations;https://help.appdirect.com/api/graphql/setupformplaceholderparameter.doc.html
static_page/samlattribute.doc.html.html;SamlAttribute | AppDirect GraphQL Reference Documentations;https://help.appdirect.com/api/graphql/samlattribute.doc.html
static_page/removepricingplanpayload.doc.html.html;RemovePricingPlanPayload | AppDirect GraphQL Reference Documentations;https://help.appdirect.com/api/graphql/removepricingplanpayload.doc.html
static_page/publisheditionpricingpayload.doc.html.html;PublishEditionPricingPayload | AppDirect GraphQL Reference Documentations;https://help.appdirect.com/api/graphql/publisheditionpricingpayload.doc.html
static_page/productpublicationrequest.doc.html.html;ProductPublicationRequest | AppDirect GraphQL Reference Documentations;https://help.appdirect.com/api/graphql/productpublicationrequest.doc.html
static_page/productintegrationsamlconfiguration.doc.html.html;ProductIntegrationSamlConfiguration | AppDirect GraphQL Reference Documentations;https://help.appdirect.com/api/graphql/productintegrationsamlconfiguration.doc.html
static_page/productintegrationopenidconnectconfiguration.doc.html.html;ProductIntegrationOpenIdConnectConfiguration | AppDirect GraphQL Reference Documentations;https://help.appdirect.com/api/graphql/productintegrationopenidconnectconfiguration.doc.html
static_page/productintegrationopenidconfiguration.doc.html.html;ProductIntegrationOpenIdConfiguration | AppDirect GraphQL Reference Documentations;https://help.appdirect.com/api/graphql/productintegrationopenidconfiguration.doc.html
static_page/productintegrationlinkpayload.doc.html.html;ProductIntegrationLinkPayload | AppDirect GraphQL Reference Documentations;https://help.appdirect.com/api/graphql/productintegrationlinkpayload.doc.html
static_page/productintegrationbookmarkconfiguration.doc.html.html;ProductIntegrationBookmarkConfiguration | AppDirect GraphQL Reference Documentations;https://help.appdirect.com/api/graphql/productintegrationbookmarkconfiguration.doc.html
static_page/productcreatepayload.doc.html.html;ProductCreatePayload | AppDirect GraphQL Reference Documentations;https://help.appdirect.com/api/graphql/productcreatepayload.doc.html
static_page/productconnection.doc.html.html;ProductConnection | AppDirect GraphQL Reference Documentations;https://help.appdirect.com/api/graphql/productconnection.doc.html
static_page/productcannotbepublishederror.doc.html.html;ProductCannotBePublishedError | AppDirect GraphQL Reference Documentations;https://help.appdirect.com/api/graphql/productcannotbepublishederror.doc.html
static_page/productbranding.doc.html.html;ProductBranding | AppDirect GraphQL Reference Documentations;https://help.appdirect.com/api/graphql/productbranding.doc.html
static_page/product.doc.html.html;Product | AppDirect GraphQL Reference Documentations;https://help.appdirect.com/api/graphql/product.doc.html
static_page/pricinguniterror.doc.html.html;PricingUnitError | AppDirect GraphQL Reference Documentations;https://help.appdirect.com/api/graphql/pricinguniterror.doc.html
static_page/pricingservererror.doc.html.html;PricingServerError | AppDirect GraphQL Reference Documentations;https://help.appdirect.com/api/graphql/pricingservererror.doc.html
static_page/pricingplancontract.doc.html.html;PricingPlanContract | AppDirect GraphQL Reference Documentations;https://help.appdirect.com/api/graphql/pricingplancontract.doc.html
static_page/pricingperiod.doc.html.html;PricingPeriod | AppDirect GraphQL Reference Documentations;https://help.appdirect.com/api/graphql/pricingperiod.doc.html
static_page/pricingplan.doc.html.html;PricingPlan | AppDirect GraphQL Reference Documentations;https://help.appdirect.com/api/graphql/pricingplan.doc.html
static_page/pricingmonetarystructure.doc.html.html;PricingMonetaryStructure | AppDirect GraphQL Reference Documentations;https://help.appdirect.com/api/graphql/pricingmonetarystructure.doc.html
static_page/pricingitemunitserror.doc.html.html;PricingItemUnitsError | AppDirect GraphQL Reference Documentations;https://help.appdirect.com/api/graphql/pricingitemunitserror.doc.html
static_page/pricingitemerror.doc.html.html;PricingItemError | AppDirect GraphQL Reference Documentations;https://help.appdirect.com/api/graphql/pricingitemerror.doc.html
static_page/pricingcostincrementerror.doc.html.html;PricingCostIncrementError | AppDirect GraphQL Reference Documentations;https://help.appdirect.com/api/graphql/pricingcostincrementerror.doc.html
static_page/pageinfo.doc.html.html;PageInfo | AppDirect GraphQL Reference Documentations;https://help.appdirect.com/api/graphql/pageinfo.doc.html
static_page/outboundcredentials.doc.html.html;OutboundCredentials | AppDirect GraphQL Reference Documentations;https://help.appdirect.com/api/graphql/outboundcredentials.doc.html
static_page/nointegrationreporterror.doc.html.html;NoIntegrationReportError | AppDirect GraphQL Reference Documentations;https://help.appdirect.com/api/graphql/nointegrationreporterror.doc.html
static_page/localizedstring.doc.html.html;LocalizedString | AppDirect GraphQL Reference Documentations;https://help.appdirect.com/api/graphql/localizedstring.doc.html
static_page/localizedbasicinformation.doc.html.html;LocalizedBasicInformation | AppDirect GraphQL Reference Documentations;https://help.appdirect.com/api/graphql/localizedbasicinformation.doc.html
static_page/localestring.doc.html.html;LocaleString | AppDirect GraphQL Reference Documentations;https://help.appdirect.com/api/graphql/localestring.doc.html
static_page/nointegrationerror.doc.html.html;NoIntegrationError | AppDirect GraphQL Reference Documentations;https://help.appdirect.com/api/graphql/nointegrationerror.doc.html
static_page/noeditionerror.doc.html.html;NoEditionError | AppDirect GraphQL Reference Documentations;https://help.appdirect.com/api/graphql/noeditionerror.doc.html
static_page/itemprice.doc.html.html;ItemPrice | AppDirect GraphQL Reference Documentations;https://help.appdirect.com/api/graphql/itemprice.doc.html
static_page/invalidunlimitedincludedpricingunitserror.doc.html.html;InvalidUnlimitedIncludedPricingUnitsError | AppDirect GraphQL Reference Documentations;https://help.appdirect.com/api/graphql/invalidunlimitedincludedpricingunitserror.doc.html
static_page/invalidpricingtiererror.doc.html.html;InvalidPricingTierError | AppDirect GraphQL Reference Documentations;https://help.appdirect.com/api/graphql/invalidpricingtiererror.doc.html
static_page/invalidnotificationemailerror.doc.html.html;InvalidNotificationEmailError | AppDirect GraphQL Reference Documentations;https://help.appdirect.com/api/graphql/invalidnotificationemailerror.doc.html
static_page/invalidintegrationreporterror.doc.html.html;InvalidIntegrationReportError | AppDirect GraphQL Reference Documentations;https://help.appdirect.com/api/graphql/invalidintegrationreporterror.doc.html
static_page/invalidintegrationlinkerror.doc.html.html;InvalidIntegrationLinkError | AppDirect GraphQL Reference Documentations;https://help.appdirect.com/api/graphql/invalidintegrationlinkerror.doc.html
static_page/invalideditionconfigurationerror.doc.html.html;InvalidEditionConfigurationError | AppDirect GraphQL Reference Documentations;https://help.appdirect.com/api/graphql/invalideditionconfigurationerror.doc.html
static_page/invalidaddonproducttypeerror.doc.html.html;InvalidAddonProductTypeError | AppDirect GraphQL Reference Documentations;https://help.appdirect.com/api/graphql/invalidaddonproducttypeerror.doc.html
static_page/integrationconfigurationupdatepayload.doc.html.html;IntegrationConfigurationUpdatePayload | AppDirect GraphQL Reference Documentations;https://help.appdirect.com/api/graphql/integrationconfigurationupdatepayload.doc.html
static_page/integrationconfigurationtest.doc.html.html;IntegrationConfigurationTest | AppDirect GraphQL Reference Documentations;https://help.appdirect.com/api/graphql/integrationconfigurationtest.doc.html
static_page/integrationconfigurationgenerateinboundclientpayload.doc.html.html;IntegrationConfigurationGenerateInboundClientPayload | AppDirect GraphQL Reference Documentations;https://help.appdirect.com/api/graphql/integrationconfigurationgenerateinboundclientpayload.doc.html
static_page/integrationconfigurationcreatepayload.doc.html.html;IntegrationConfigurationCreatePayload | AppDirect GraphQL Reference Documentations;https://help.appdirect.com/api/graphql/integrationconfigurationcreatepayload.doc.html
static_page/integrationconfigurationconnection.doc.html.html;IntegrationConfigurationConnection | AppDirect GraphQL Reference Documentations;https://help.appdirect.com/api/graphql/integrationconfigurationconnection.doc.html
static_page/integrationconfiguration.doc.html.html;IntegrationConfiguration | AppDirect GraphQL Reference Documentations;https://help.appdirect.com/api/graphql/integrationconfiguration.doc.html
static_page/integrationadditionalsettingsformfieldoption.doc.html.html;IntegrationAdditionalSettingsFormFieldOption | AppDirect GraphQL Reference Documentations;https://help.appdirect.com/api/graphql/integrationadditionalsettingsformfieldoption.doc.html
static_page/integrationadditionalsettingsform.doc.html.html;IntegrationAdditionalSettingsForm | AppDirect GraphQL Reference Documentations;https://help.appdirect.com/api/graphql/integrationadditionalsettingsform.doc.html
static_page/integrationadditionalsettingsformfield.doc.html.html;IntegrationAdditionalSettingsFormField | AppDirect GraphQL Reference Documentations;https://help.appdirect.com/api/graphql/integrationadditionalsettingsformfield.doc.html
static_page/insufficientpricingtierserror.doc.html.html;InsufficientPricingTiersError | AppDirect GraphQL Reference Documentations;https://help.appdirect.com/api/graphql/insufficientpricingtierserror.doc.html
static_page/includeditem.doc.html.html;IncludedItem | AppDirect GraphQL Reference Documentations;https://help.appdirect.com/api/graphql/includeditem.doc.html
static_page/editionpricing.doc.html.html;EditionPricing | AppDirect GraphQL Reference Documentations;https://help.appdirect.com/api/graphql/editionpricing.doc.html
static_page/edition.doc.html.html;Edition | AppDirect GraphQL Reference Documentations;https://help.appdirect.com/api/graphql/edition.doc.html
static_page/duplicatepricinguniterror.doc.html.html;DuplicatePricingUnitError | AppDirect GraphQL Reference Documentations;https://help.appdirect.com/api/graphql/duplicatepricinguniterror.doc.html
static_page/eventurl.doc.html.html;EventURL | AppDirect GraphQL Reference Documentations;https://help.appdirect.com/api/graphql/eventurl.doc.html
static_page/editionpricingtagnotfounderror.doc.html.html;EditionPricingTagNotFoundError | AppDirect GraphQL Reference Documentations;https://help.appdirect.com/api/graphql/editionpricingtagnotfounderror.doc.html
static_page/domainresellerinvalidusagetypeerror.doc.html.html;DomainResellerInvalidUsageTypeError | AppDirect GraphQL Reference Documentations;https://help.appdirect.com/api/graphql/domainresellerinvalidusagetypeerror.doc.html
static_page/domainassociationconfiguration.doc.html.html;DomainAssociationConfiguration | AppDirect GraphQL Reference Documentations;https://help.appdirect.com/api/graphql/domainassociationconfiguration.doc.html
static_page/deleteproductintegrationopenidconnectconfigurationpayload.doc.html.html;DeleteProductIntegrationOpenIdConnectConfigurationPayload | AppDirect GraphQL Reference Documentations;https://help.appdirect.com/api/graphql/deleteproductintegrationopenidconnectconfigurationpayload.doc.html
static_page/deleteproductintegrationsinglesignonconfigurationsetupformpayload.doc.html.html;DeleteProductIntegrationSingleSignOnConfigurationSetupFormPayload | AppDirect GraphQL Reference Documentations;https://help.appdirect.com/api/graphql/deleteproductintegrationsinglesignonconfigurationsetupformpayload.doc.html
static_page/deleteproductintegrationbookmarkconfigurationpayload.doc.html.html;DeleteProductIntegrationBookmarkConfigurationPayload | AppDirect GraphQL Reference Documentations;https://help.appdirect.com/api/graphql/deleteproductintegrationbookmarkconfigurationpayload.doc.html
static_page/deleteproductintegrationopenidconfigurationpayload.doc.html.html;DeleteProductIntegrationOpenIdConfigurationPayload | AppDirect GraphQL Reference Documentations;https://help.appdirect.com/api/graphql/deleteproductintegrationopenidconfigurationpayload.doc.html
static_page/createpricingplanpayload.doc.html.html;CreatePricingPlanPayload | AppDirect GraphQL Reference Documentations;https://help.appdirect.com/api/graphql/createpricingplanpayload.doc.html
static_page/deleteproductintegrationsamlconfigurationpayload.doc.html.html;DeleteProductIntegrationSamlConfigurationPayload | AppDirect GraphQL Reference Documentations;https://help.appdirect.com/api/graphql/deleteproductintegrationsamlconfigurationpayload.doc.html
static_page/cost.doc.html.html;Cost | AppDirect GraphQL Reference Documentations;https://help.appdirect.com/api/graphql/cost.doc.html
static_page/brandingvalidationmissingfield.doc.html.html;BrandingValidationMissingField | AppDirect GraphQL Reference Documentations;https://help.appdirect.com/api/graphql/brandingvalidationmissingfield.doc.html
static_page/brandingvalidationerror.doc.html.html;BrandingValidationError | AppDirect GraphQL Reference Documentations;https://help.appdirect.com/api/graphql/brandingvalidationerror.doc.html
static_page/brandingunsupportedlocaleerror.doc.html.html;BrandingUnsupportedLocaleError | AppDirect GraphQL Reference Documentations;https://help.appdirect.com/api/graphql/brandingunsupportedlocaleerror.doc.html
static_page/brandingunsupportedfielderror.doc.html.html;BrandingUnsupportedFieldError | AppDirect GraphQL Reference Documentations;https://help.appdirect.com/api/graphql/brandingunsupportedfielderror.doc.html
static_page/brandingunsupportedelementerror.doc.html.html;BrandingUnsupportedElementError | AppDirect GraphQL Reference Documentations;https://help.appdirect.com/api/graphql/brandingunsupportedelementerror.doc.html
static_page/brandingservererror.doc.html.html;BrandingServerError | AppDirect GraphQL Reference Documentations;https://help.appdirect.com/api/graphql/brandingservererror.doc.html
static_page/brandingproductnotfounderror.doc.html.html;BrandingProductNotFoundError | AppDirect GraphQL Reference Documentations;https://help.appdirect.com/api/graphql/brandingproductnotfounderror.doc.html
static_page/brandingsaveorupdatebasicinformationpayload.doc.html.html;BrandingSaveOrUpdateBasicInformationPayload | AppDirect GraphQL Reference Documentations;https://help.appdirect.com/api/graphql/brandingsaveorupdatebasicinformationpayload.doc.html
static_page/brandingmissingrequiredfielderror.doc.html.html;BrandingMissingRequiredFieldError | AppDirect GraphQL Reference Documentations;https://help.appdirect.com/api/graphql/brandingmissingrequiredfielderror.doc.html
static_page/brandingmissingdataerror.doc.html.html;BrandingMissingDataError | AppDirect GraphQL Reference Documentations;https://help.appdirect.com/api/graphql/brandingmissingdataerror.doc.html
static_page/brandinginvalidinputerror.doc.html.html;BrandingInvalidInputError | AppDirect GraphQL Reference Documentations;https://help.appdirect.com/api/graphql/brandinginvalidinputerror.doc.html
static_page/brandinginvalidfieldvalueerror.doc.html.html;BrandingInvalidFieldValueError | AppDirect GraphQL Reference Documentations;https://help.appdirect.com/api/graphql/brandinginvalidfieldvalueerror.doc.html
static_page/brandingdeletebasicinformationpayload.doc.html.html;BrandingDeleteBasicInformationPayload | AppDirect GraphQL Reference Documentations;https://help.appdirect.com/api/graphql/brandingdeletebasicinformationpayload.doc.html
static_page/brandinginvalidfieldlengtherror.doc.html.html;BrandingInvalidFieldLengthError | AppDirect GraphQL Reference Documentations;https://help.appdirect.com/api/graphql/brandinginvalidfieldlengtherror.doc.html
static_page/brandingcreationfailederror.doc.html.html;BrandingCreationFailedError | AppDirect GraphQL Reference Documentations;https://help.appdirect.com/api/graphql/brandingcreationfailederror.doc.html
static_page/brandingaccessdeniederror.doc.html.html;BrandingAccessDeniedError | AppDirect GraphQL Reference Documentations;https://help.appdirect.com/api/graphql/brandingaccessdeniederror.doc.html
static_page/addproductintegrationsinglesignonconfigurationsetupformpayload.doc.html.html;AddProductIntegrationSingleSignOnConfigurationSetupFormPayload | AppDirect GraphQL Reference Documentations;https://help.appdirect.com/api/graphql/addproductintegrationsinglesignonconfigurationsetupformpayload.doc.html
static_page/addproductintegrationopenidconnectconfigurationpayload.doc.html.html;AddProductIntegrationOpenIdConnectConfigurationPayload | AppDirect GraphQL Reference Documentations;https://help.appdirect.com/api/graphql/addproductintegrationopenidconnectconfigurationpayload.doc.html
static_page/addproductintegrationsamlconfigurationpayload.doc.html.html;AddProductIntegrationSamlConfigurationPayload | AppDirect GraphQL Reference Documentations;https://help.appdirect.com/api/graphql/addproductintegrationsamlconfigurationpayload.doc.html
static_page/addproductintegrationbookmarkconfigurationpayload.doc.html.html;AddProductIntegrationBookmarkConfigurationPayload | AppDirect GraphQL Reference Documentations;https://help.appdirect.com/api/graphql/addproductintegrationbookmarkconfigurationpayload.doc.html
static_page/updateproductintegrationsinglesignonconfigurationsetupformerror.doc.html.html;UpdateProductIntegrationSingleSignOnConfigurationSetupFormError | AppDirect GraphQL Reference Documentations;https://help.appdirect.com/api/graphql/updateproductintegrationsinglesignonconfigurationsetupformerror.doc.html
static_page/updateproductintegrationsamlconfigurationerror.doc.html.html;UpdateProductIntegrationSamlConfigurationError | AppDirect GraphQL Reference Documentations;https://help.appdirect.com/api/graphql/updateproductintegrationsamlconfigurationerror.doc.html
static_page/updateproductintegrationopenidconnectconfigurationerror.doc.html.html;UpdateProductIntegrationOpenIdConnectConfigurationError | AppDirect GraphQL Reference Documentations;https://help.appdirect.com/api/graphql/updateproductintegrationopenidconnectconfigurationerror.doc.html
static_page/updateproductintegrationopenidconfigurationerror.doc.html.html;UpdateProductIntegrationOpenIdConfigurationError | AppDirect GraphQL Reference Documentations;https://help.appdirect.com/api/graphql/updateproductintegrationopenidconfigurationerror.doc.html
static_page/updateproductintegrationbookmarkconfigurationerror.doc.html.html;UpdateProductIntegrationBookmarkConfigurationError | AppDirect GraphQL Reference Documentations;https://help.appdirect.com/api/graphql/updateproductintegrationbookmarkconfigurationerror.doc.html
static_page/updatepricingplanerror.doc.html.html;UpdatePricingPlanError | AppDirect GraphQL Reference Documentations;https://help.appdirect.com/api/graphql/updatepricingplanerror.doc.html
static_page/tageditionpricingforpublicationerror.doc.html.html;TagEditionPricingForPublicationError | AppDirect GraphQL Reference Documentations;https://help.appdirect.com/api/graphql/tageditionpricingforpublicationerror.doc.html
static_page/removepricingplanerror.doc.html.html;RemovePricingPlanError | AppDirect GraphQL Reference Documentations;https://help.appdirect.com/api/graphql/removepricingplanerror.doc.html
static_page/publishproductintegrationsinglesignonconfigurationerror.doc.html.html;PublishProductIntegrationSingleSignOnConfigurationError | AppDirect GraphQL Reference Documentations;https://help.appdirect.com/api/graphql/publishproductintegrationsinglesignonconfigurationerror.doc.html
static_page/publisheditionpricingerror.doc.html.html;PublishEditionPricingError | AppDirect GraphQL Reference Documentations;https://help.appdirect.com/api/graphql/publisheditionpricingerror.doc.html
static_page/productvalidationerror.doc.html.html;ProductValidationError | AppDirect GraphQL Reference Documentations;https://help.appdirect.com/api/graphql/productvalidationerror.doc.html
static_page/productrequestpublicationerror.doc.html.html;ProductRequestPublicationError | AppDirect GraphQL Reference Documentations;https://help.appdirect.com/api/graphql/productrequestpublicationerror.doc.html
static_page/integrationconfigurationvalidationerror.doc.html.html;IntegrationConfigurationValidationError | AppDirect GraphQL Reference Documentations;https://help.appdirect.com/api/graphql/integrationconfigurationvalidationerror.doc.html
static_page/eventurlvalidationerror.doc.html.html;EventURLValidationError | AppDirect GraphQL Reference Documentations;https://help.appdirect.com/api/graphql/eventurlvalidationerror.doc.html
static_page/deleteproductintegrationsinglesignonconfigurationsetupformerror.doc.html.html;DeleteProductIntegrationSingleSignOnConfigurationSetupFormError | AppDirect GraphQL Reference Documentations;https://help.appdirect.com/api/graphql/deleteproductintegrationsinglesignonconfigurationsetupformerror.doc.html
static_page/deleteproductintegrationsamlconfigurationerror.doc.html.html;DeleteProductIntegrationSamlConfigurationError | AppDirect GraphQL Reference Documentations;https://help.appdirect.com/api/graphql/deleteproductintegrationsamlconfigurationerror.doc.html
static_page/deleteproductintegrationopenidconnectconfigurationerror.doc.html.html;DeleteProductIntegrationOpenIdConnectConfigurationError | AppDirect GraphQL Reference Documentations;https://help.appdirect.com/api/graphql/deleteproductintegrationopenidconnectconfigurationerror.doc.html
static_page/deleteproductintegrationopenidconfigurationerror.doc.html.html;DeleteProductIntegrationOpenIdConfigurationError | AppDirect GraphQL Reference Documentations;https://help.appdirect.com/api/graphql/deleteproductintegrationopenidconfigurationerror.doc.html
static_page/deleteproductintegrationbookmarkconfigurationerror.doc.html.html;DeleteProductIntegrationBookmarkConfigurationError | AppDirect GraphQL Reference Documentations;https://help.appdirect.com/api/graphql/deleteproductintegrationbookmarkconfigurationerror.doc.html
static_page/createpricingplanerror.doc.html.html;CreatePricingPlanError | AppDirect GraphQL Reference Documentations;https://help.appdirect.com/api/graphql/createpricingplanerror.doc.html
static_page/brandingsaveorupdatebasicinformationerror.doc.html.html;BrandingSaveOrUpdateBasicInformationError | AppDirect GraphQL Reference Documentations;https://help.appdirect.com/api/graphql/brandingsaveorupdatebasicinformationerror.doc.html
static_page/brandingdeletebasicinformationerror.doc.html.html;BrandingDeleteBasicInformationError | AppDirect GraphQL Reference Documentations;https://help.appdirect.com/api/graphql/brandingdeletebasicinformationerror.doc.html
static_page/addproductintegrationsinglesignonconfigurationsetupformerror.doc.html.html;AddProductIntegrationSingleSignOnConfigurationSetupFormError | AppDirect GraphQL Reference Documentations;https://help.appdirect.com/api/graphql/addproductintegrationsinglesignonconfigurationsetupformerror.doc.html
static_page/addproductintegrationsamlconfigurationerror.doc.html.html;AddProductIntegrationSamlConfigurationError | AppDirect GraphQL Reference Documentations;https://help.appdirect.com/api/graphql/addproductintegrationsamlconfigurationerror.doc.html
static_page/addproductintegrationopenidconnectconfigurationerror.doc.html.html;AddProductIntegrationOpenIdConnectConfigurationError | AppDirect GraphQL Reference Documentations;https://help.appdirect.com/api/graphql/addproductintegrationopenidconnectconfigurationerror.doc.html
static_page/addproductintegrationbookmarkconfigurationerror.doc.html.html;AddProductIntegrationBookmarkConfigurationError | AppDirect GraphQL Reference Documentations;https://help.appdirect.com/api/graphql/addproductintegrationbookmarkconfigurationerror.doc.html
static_page/singlesignonconfiguration.doc.html.html;SingleSignOnConfiguration | AppDirect GraphQL Reference Documentations;https://help.appdirect.com/api/graphql/singlesignonconfiguration.doc.html
static_page/usererror.doc.html.html;UserError | AppDirect GraphQL Reference Documentations;https://help.appdirect.com/api/graphql/usererror.doc.html
static_page/node.doc.html.html;Node | AppDirect GraphQL Reference Documentations;https://help.appdirect.com/api/graphql/node.doc.html
static_page/typekind.spec.html.html;__TypeKind | AppDirect GraphQL Reference Documentations;https://help.appdirect.com/api/graphql/typekind.spec.html
static_page/directivelocation.spec.html.html;__DirectiveLocation | AppDirect GraphQL Reference Documentations;https://help.appdirect.com/api/graphql/directivelocation.spec.html
static_page/usagetype.doc.html.html;UsageType | AppDirect GraphQL Reference Documentations;https://help.appdirect.com/api/graphql/usagetype.doc.html
static_page/samlsigningsource.doc.html.html;SamlSigningSource | AppDirect GraphQL Reference Documentations;https://help.appdirect.com/api/graphql/samlsigningsource.doc.html
static_page/terminationfeetype.doc.html.html;TerminationFeeType | AppDirect GraphQL Reference Documentations;https://help.appdirect.com/api/graphql/terminationfeetype.doc.html
static_page/samlsigningalgorithm.doc.html.html;SamlSigningAlgorithm | AppDirect GraphQL Reference Documentations;https://help.appdirect.com/api/graphql/samlsigningalgorithm.doc.html
static_page/samlcertificateusage.doc.html.html;SamlCertificateUsage | AppDirect GraphQL Reference Documentations;https://help.appdirect.com/api/graphql/samlcertificateusage.doc.html
static_page/revenuetype.doc.html.html;RevenueType | AppDirect GraphQL Reference Documentations;https://help.appdirect.com/api/graphql/revenuetype.doc.html
static_page/producttypeinput.doc.html.html;ProductTypeInput | AppDirect GraphQL Reference Documentations;https://help.appdirect.com/api/graphql/producttypeinput.doc.html
static_page/producttype.doc.html.html;ProductType | AppDirect GraphQL Reference Documentations;https://help.appdirect.com/api/graphql/producttype.doc.html
static_page/productstate.doc.html.html;ProductState | AppDirect GraphQL Reference Documentations;https://help.appdirect.com/api/graphql/productstate.doc.html
static_page/pricingduration.doc.html.html;PricingDuration | AppDirect GraphQL Reference Documentations;https://help.appdirect.com/api/graphql/pricingduration.doc.html
static_page/pricingperiodunit.doc.html.html;PricingPeriodUnit | AppDirect GraphQL Reference Documentations;https://help.appdirect.com/api/graphql/pricingperiodunit.doc.html
static_page/pricestrategy.doc.html.html;PriceStrategy | AppDirect GraphQL Reference Documentations;https://help.appdirect.com/api/graphql/pricestrategy.doc.html
static_page/outboundcredentialstype.doc.html.html;OutboundCredentialsType | AppDirect GraphQL Reference Documentations;https://help.appdirect.com/api/graphql/outboundcredentialstype.doc.html
static_page/openidconnectgranttype.doc.html.html;OpenIdConnectGrantType | AppDirect GraphQL Reference Documentations;https://help.appdirect.com/api/graphql/openidconnectgranttype.doc.html
static_page/openidconnectcredentialmethod.doc.html.html;OpenIdConnectCredentialMethod | AppDirect GraphQL Reference Documentations;https://help.appdirect.com/api/graphql/openidconnectcredentialmethod.doc.html
static_page/openidconfigurationloginmethod.doc.html.html;OpenIdConfigurationLoginMethod | AppDirect GraphQL Reference Documentations;https://help.appdirect.com/api/graphql/openidconfigurationloginmethod.doc.html
static_page/openidconfigurationhttpmethod.doc.html.html;OpenIdConfigurationHttpMethod | AppDirect GraphQL Reference Documentations;https://help.appdirect.com/api/graphql/openidconfigurationhttpmethod.doc.html
static_page/integrationtype.doc.html.html;IntegrationType | AppDirect GraphQL Reference Documentations;https://help.appdirect.com/api/graphql/integrationtype.doc.html
static_page/integrationconfigurationstate.doc.html.html;IntegrationConfigurationState | AppDirect GraphQL Reference Documentations;https://help.appdirect.com/api/graphql/integrationconfigurationstate.doc.html
static_page/eventtype.doc.html.html;EventType | AppDirect GraphQL Reference Documentations;https://help.appdirect.com/api/graphql/eventtype.doc.html
static_page/granttype.doc.html.html;GrantType | AppDirect GraphQL Reference Documentations;https://help.appdirect.com/api/graphql/granttype.doc.html
static_page/endpointhealth.doc.html.html;EndpointHealth | AppDirect GraphQL Reference Documentations;https://help.appdirect.com/api/graphql/endpointhealth.doc.html
static_page/editionstatus.doc.html.html;EditionStatus | AppDirect GraphQL Reference Documentations;https://help.appdirect.com/api/graphql/editionstatus.doc.html
static_page/editionstate.doc.html.html;EditionState | AppDirect GraphQL Reference Documentations;https://help.appdirect.com/api/graphql/editionstate.doc.html
static_page/integrationconfigurationupdate.doc.html.html;integrationConfigurationUpdate | AppDirect GraphQL Reference Documentations;https://help.appdirect.com/api/graphql/integrationconfigurationupdate.doc.html
static_page/triggerintegrationconfigurationpingtest.doc.html.html;triggerIntegrationConfigurationPingTest | AppDirect GraphQL Reference Documentations;https://help.appdirect.com/api/graphql/triggerintegrationconfigurationpingtest.doc.html
static_page/editionupdate.doc.html.html;editionUpdate | AppDirect GraphQL Reference Documentations;https://help.appdirect.com/api/graphql/editionupdate.doc.html
static_page/integrationconfigurationcreate.doc.html.html;integrationConfigurationCreate | AppDirect GraphQL Reference Documentations;https://help.appdirect.com/api/graphql/integrationconfigurationcreate.doc.html
static_page/editioncreate.doc.html.html;editionCreate | AppDirect GraphQL Reference Documentations;https://help.appdirect.com/api/graphql/editioncreate.doc.html
static_page/removepricingplan.doc.html.html;removePricingPlan | AppDirect GraphQL Reference Documentations;https://help.appdirect.com/api/graphql/removepricingplan.doc.html
static_page/updatepricingplan.doc.html.html;updatePricingPlan | AppDirect GraphQL Reference Documentations;https://help.appdirect.com/api/graphql/updatepricingplan.doc.html
static_page/createpricingplan.doc.html.html;createPricingPlan | AppDirect GraphQL Reference Documentations;https://help.appdirect.com/api/graphql/createpricingplan.doc.html
static_page/updateeditionpricing.doc.html.html;updateEditionPricing | AppDirect GraphQL Reference Documentations;https://help.appdirect.com/api/graphql/updateeditionpricing.doc.html
static_page/deleteproductintegrationsinglesignonconfigurationsetupform.doc.html.html;deleteProductIntegrationSingleSignOnConfigurationSetupForm | AppDirect GraphQL Reference Documentations;https://help.appdirect.com/api/graphql/deleteproductintegrationsinglesignonconfigurationsetupform.doc.html
static_page/deleteproductintegrationbookmarkconfiguration.doc.html.html;deleteProductIntegrationBookmarkConfiguration | AppDirect GraphQL Reference Documentations;https://help.appdirect.com/api/graphql/deleteproductintegrationbookmarkconfiguration.doc.html
static_page/deleteproductintegrationopenidconfiguration.doc.html.html;deleteProductIntegrationOpenIdConfiguration | AppDirect GraphQL Reference Documentations;https://help.appdirect.com/api/graphql/deleteproductintegrationopenidconfiguration.doc.html
static_page/deleteproductintegrationopenidconnectconfiguration.doc.html.html;deleteProductIntegrationOpenIdConnectConfiguration | AppDirect GraphQL Reference Documentations;https://help.appdirect.com/api/graphql/deleteproductintegrationopenidconnectconfiguration.doc.html
static_page/deleteproductintegrationsamlconfiguration.doc.html.html;deleteProductIntegrationSamlConfiguration | AppDirect GraphQL Reference Documentations;https://help.appdirect.com/api/graphql/deleteproductintegrationsamlconfiguration.doc.html
static_page/updateproductintegrationsinglesignonconfigurationsetupform.doc.html.html;updateProductIntegrationSingleSignOnConfigurationSetupForm | AppDirect GraphQL Reference Documentations;https://help.appdirect.com/api/graphql/updateproductintegrationsinglesignonconfigurationsetupform.doc.html
static_page/updateproductintegrationopenidconfiguration.doc.html.html;updateProductIntegrationOpenIdConfiguration | AppDirect GraphQL Reference Documentations;https://help.appdirect.com/api/graphql/updateproductintegrationopenidconfiguration.doc.html
static_page/updateproductintegrationbookmarkconfiguration.doc.html.html;updateProductIntegrationBookmarkConfiguration | AppDirect GraphQL Reference Documentations;https://help.appdirect.com/api/graphql/updateproductintegrationbookmarkconfiguration.doc.html
static_page/updateproductintegrationopenidconnectconfiguration.doc.html.html;updateProductIntegrationOpenIdConnectConfiguration | AppDirect GraphQL Reference Documentations;https://help.appdirect.com/api/graphql/updateproductintegrationopenidconnectconfiguration.doc.html
static_page/addproductintegrationsinglesignonconfigurationsetupform.doc.html.html;addProductIntegrationSingleSignOnConfigurationSetupForm | AppDirect GraphQL Reference Documentations;https://help.appdirect.com/api/graphql/addproductintegrationsinglesignonconfigurationsetupform.doc.html
static_page/updateproductintegrationsamlconfiguration.doc.html.html;updateProductIntegrationSamlConfiguration | AppDirect GraphQL Reference Documentations;https://help.appdirect.com/api/graphql/updateproductintegrationsamlconfiguration.doc.html
static_page/addproductintegrationbookmarkconfiguration.doc.html.html;addProductIntegrationBookmarkConfiguration | AppDirect GraphQL Reference Documentations;https://help.appdirect.com/api/graphql/addproductintegrationbookmarkconfiguration.doc.html
static_page/addproductintegrationopenidconnectconfiguration.doc.html.html;addProductIntegrationOpenIdConnectConfiguration | AppDirect GraphQL Reference Documentations;https://help.appdirect.com/api/graphql/addproductintegrationopenidconnectconfiguration.doc.html
static_page/addproductintegrationsamlconfiguration.doc.html.html;addProductIntegrationSamlConfiguration | AppDirect GraphQL Reference Documentations;https://help.appdirect.com/api/graphql/addproductintegrationsamlconfiguration.doc.html
static_page/brandingdeletebasicinformation.doc.html.html;brandingDeleteBasicInformation | AppDirect GraphQL Reference Documentations;https://help.appdirect.com/api/graphql/brandingdeletebasicinformation.doc.html
static_page/brandingsavebasicinformation.doc.html.html;brandingSaveBasicInformation | AppDirect GraphQL Reference Documentations;https://help.appdirect.com/api/graphql/brandingsavebasicinformation.doc.html
static_page/productlinkintegration.doc.html.html;productLinkIntegration | AppDirect GraphQL Reference Documentations;https://help.appdirect.com/api/graphql/productlinkintegration.doc.html
static_page/requestproductpublication.doc.html.html;requestProductPublication | AppDirect GraphQL Reference Documentations;https://help.appdirect.com/api/graphql/requestproductpublication.doc.html
static_page/productcreate.doc.html.html;productCreate | AppDirect GraphQL Reference Documentations;https://help.appdirect.com/api/graphql/productcreate.doc.html
static_page/integrationconfigurationsbyvendorid_query.doc.html.html;integrationConfigurationsByVendorId | AppDirect GraphQL Reference Documentations;https://help.appdirect.com/api/graphql/integrationconfigurationsbyvendorid_query.doc.html
static_page/integrationconfiguration_query.doc.html.html;integrationConfiguration | AppDirect GraphQL Reference Documentations;https://help.appdirect.com/api/graphql/integrationconfiguration_query.doc.html
static_page/edition_query.doc.html.html;edition | AppDirect GraphQL Reference Documentations;https://help.appdirect.com/api/graphql/edition_query.doc.html
static_page/pricingplan_query.doc.html.html;pricingPlan | AppDirect GraphQL Reference Documentations;https://help.appdirect.com/api/graphql/pricingplan_query.doc.html
static_page/editionpricingbytag_query.doc.html.html;editionPricingByTag | AppDirect GraphQL Reference Documentations;https://help.appdirect.com/api/graphql/editionpricingbytag_query.doc.html
static_page/editionpricing_query.doc.html.html;editionPricing | AppDirect GraphQL Reference Documentations;https://help.appdirect.com/api/graphql/editionpricing_query.doc.html
static_page/products_query.doc.html.html;products | AppDirect GraphQL Reference Documentations;https://help.appdirect.com/api/graphql/products_query.doc.html
static_page/product_query.doc.html.html;product | AppDirect GraphQL Reference Documentations;https://help.appdirect.com/api/graphql/product_query.doc.html
